{
  "name": "hello-world",
  "description": "joint-trained on 'datasets/hello-world.jsonl' from base 'dense'",
  "harmonics": [
    [
      4.488582,
      4.937272
    ],
    [
      19.681168,
      0.310658
    ],
    [
      11.076379,
      1.315627
    ],
    [
      26.261244,
      3.550205
    ],
    [
      18.592162,
      0.881238
    ],
    [
      20.842843,
      0.390316
    ],
    [
      17.465962,
      1.159444
    ],
    [
      15.374151,
      0.00206
    ]
  ],
  "dt": 0.577161,
  "phase_feedback": -0.5,
  "steps": 30,
  "_training_phi": 0.529561
}