{
  "name": "hello-world",
  "description": "joint-trained on 'datasets/hello-world.jsonl' from base 'default'",
  "harmonics": [
    [
      26.591846,
      0.644602
    ],
    [
      13.352407,
      0.856061
    ],
    [
      23.21387,
      4.947046
    ],
    [
      17.214836,
      0.572557
    ]
  ],
  "dt": 0.75413,
  "phase_feedback": 0.229377,
  "steps": 30,
  "_training_phi": 2.587678
}